AA,ID,0%,1%,5%,10%
ALA,106,70817,48836.2619,35416.90963,13722.06797
,,,,,
ALA,204,56457,41255.86774,34030.53055,14549.18591
ALA,223,84293,70637.3258,51737.79568,24447.40255
ALA,224,37792,27637.72522,20032.7019,12014.13218
,,,,,
CYS,9,87872,68161.90034,47255.06422,34808.69365
ASP,11,100769,83670.55456,73493.95396,65333.94853
ASP,130,50630,43152.25059,36628.80165,28670.16742
ASP,155,88152,66526.04996,51312.68173,39850.90505
ASP,174,44878,35399.39127,28197.90367,27808.87681
ASP,183,60668,41682.99422,33543.553,31630.63593
ASP,219,94887,68349.04339,58338.9588,53128.72839
ASP,233,163911,106824.9195,86053.85053,84307.44828
ASP,28,76904,55398.74468,40009.09207,41809.9053
ASP,45,93929,63051.06048,51392.78716,50168.25987
ASP,74,51784,44604.6274,34668.9946,30653.57671
ASP,85,74193,46376.98212,41516.81898,39939.47501
ASP,98,30878,25360.45122,20813.13498,21288.17466
GLU,137,210635,127811.3608,115435.0938,115790.9325
GLU,159,141584,108294.1759,79554.20716,82327.52599
GLU,161,123870,84430.86905,71099.51549,67740.68041
GLU,208,99970,62947.58138,43449.65985,38435.87781
GLU,212,102024,76775.61767,50372.83092,43365.8076
GLU,231,81185,73251.45727,61478.13981,53943.2931
GLU,239,115609,82915.37733,53573.87553,54649.76062
GLU,34,43642,36039.34709,27277.08781,27101.01449
GLU,71,105334,81397.68393,68073.75107,63148.99025
GLU,87,112661,73007.07047,58963.14663,56823.56047
GLU,91,122636,82720.16145,72937.97471,64167.89355
PHE,120,39195,29493.00999,24371.87809,17764.2059
PHE,138,176643,109870.5809,77358.04945,54281.53273
PHE,141,116704,78898.03997,55152.98352,31802.19665
PHE,210,41884,26384.96766,16379.57715,12029.47501
PHE,227,59969,43301.23113,34502.43876,23427.80185
PHE,229,29097,23022.9979,17185.39017,11939.51024
PHE,23,50908,34180.39285,25555.21768,20024.48351
PHE,86,93076,63122.24823,44623.48196,29092.0952
GLY,121,83086,57455.85038,48814.34413,30519.67566
GLY,145,55536,58123.69419,32217.45126,26395.94178
GLY,15,94990,64758.09861,43740.736,31503.7089
GLY,150,126897,83647.80384,66712.75192,41658.56922
GLY,164,106603,77222.5593,67191.00512,42563.0987
GLY,181,85105,63566.25427,52394.50156,38385.66492
GLY,20,77084,54482.1107,35658.01904,30187.71264
GLY,202,80528,59971.64002,50153.13583,33555.46352
GLY,203,116224,78639.70918,64079.5834,39781.16492
GLY,217,92554,68335.0994,56475.11964,38324.991
GLY,245,108365,66026.26795,49141.90395,31475.11544
GLY,30,68533,46289.6487,33219.16567,26965.71864
GLY,43,85919,59961.3655,45713.23302,30417.15767
,,,,,
HIS,109,101169,68149.42414,57038.237,54126.01224
HIS,148,45768,31829.72942,14369.01023,18841.6909
,,,,,
HIS,244,98295,61432.08967,39465.00966,10890.61869
ILE,113,96337,59347.82987,35509.70503,14713.77261
ILE,151,119336,79704.5898,55271.15885,20150.71314
ILE,232,160065,105581.7026,70627.60727,41190.61294
ILE,42,94004,61768.21325,36390.07161,17405.04423
ILE,44,78270,45414.8467,25517.14777,19411.46777
ILE,52,92908,60425.92059,33733.10941,15531.12694
ILE,75,85245,62931.43571,37931.10969,16374.98251
LYS,13,92094,56299.23297,4980.019608,3460.505247
LYS,146,100160,59603.22509,10320.9102,3459.110445
LYS,147,97200,56347.67,8002.611537,7186.022989
LYS,206,73480,46820.98817,12426.65189,8432.27911
LYS,238,98323,63613.22351,9940.21114,12906.80585
LYS,243,125848,72064.7502,8104.92441,8631.038481
LYS,37,81366,51566.34867,5966.664677,8661.026737
LYS,58,64076,37906.37418,7305.45638,3535.127186
LEU,152,241647,150222.2908,62791.55158,19125.53323
LEU,170,68199,46666.87037,28485.80733,12258.92004
LEU,193,114196,75745.23008,37019.01819,14752.82709
LEU,196,54143,38428.90692,18001.51378,5463.441779
LEU,2,83194,59086.5635,31130.87269,17275.32759
LEU,211,76137,53594.09861,23646.96363,6192.226137
LEU,215,113153,80733.5096,35631.84598,11801.42479
LEU,253,443449,270425.3694,176446.0841,75545.99575
LEU,26,73344,49039.55062,24379.0162,11345.32434
LEU,35,71563,55486.81199,30103.77835,12782.66842
LEU,63,93395,67478.64475,38092.90679,19927.54473
LEU,65,86579,68332.16382,32557.70105,13374.76212
MET,186,123568,87578.54168,65757.03865,11127.03773
ASN,22,52948,34327.9056,23614.44558,24837.94728
ASN,247,90309,59791.10202,39645.84172,43762.62894
ASN,25,44470,28380.42624,21215.24837,25070.87931
GLN,115,179353,110790.1504,82774.28673,74755.14268
,,,,,
GLN,72,55281,43290.22272,36313.13868,35568.16367
ARG,133,154484,91228.9319,43963.60358,33555.46352
ARG,154,101478,60210.88956,36499.52259,25822.67791
ARG,16,102450,77155.77491,67645.46462,57931.73113
ARG,163,101038,69013.21772,48632.71895,46376.48901
ARG,175,63720,49052.02682,47275.68542,30189.80485
ARG,191,40554,26797.41625,23868.24496,21470.8938
ARG,230,45233,32354.46384,24618.53936,24110.55772
ARG,235,106208,73568.49961,57192.89599,54823.41354
ARG,5,105142,64328.03655,28571.46462,24916.75362
ARG,59,55931,39763.12674,29858.70332,25427.94878
ARG,95,64939,55957.97213,45295.25718,34146.16242
SER,111,109882,67371.49619,56852.64621,47752.46177
SER,122,75574,55198.39153,46318.38591,40713.59045
SER,172,83801,53790.04838,36924.63654,28848.00475
SER,180,64429,43856.05522,30097.43336,28388.41729
SER,201,70161,53959.57796,41842.79255,30044.74538
SER,40,59567,46799.70523,31996.16993,27829.10145
SER,90,72220,49821.88194,37530.58255,32216.45302
THR,114,77855,44453.44517,37411.61409,23928.53598
THR,119,67189,50950.61136,42031.55584,32096.5
THR,142,112090,75979.34236,55884.24297,34087.58071
THR,149,64126,43779.73021,33576.07104,21286.08246
THR,178,67666,43016.48015,34485.78318,26143.48251
THR,184,130690,80456.83145,65446.92754,43617.56947
THR,194,115269,71855.59032,54306.72123,35568.16367
THR,195,41983,26249.93111,22638.11111,16607.21714
THR,21,32072,24672.79227,19055.57431,15103.61994
THR,61,65289,42111.58848,27630.82069,24417.41429
THR,88,54152,33563.18775,30351.23274,18309.57371
VAL,107,65666,43060.5138,31124.52771,15870.06397
VAL,134,176711,112434.0736,66188.49758,26591.91154
VAL,17,92677,71697.06916,43603.52572,18940.02449
VAL,18,35415,31986.7828,19732.10827,6743.870565
VAL,234,74074,54888.68814,27801.34214,13706.72514
VAL,246,108833,72739.19905,54415.37908,33231.17191
VAL,248,174616,115972.9119,59113.04689,28467.22364
VAL,33,164785,110646.3071,64680.77067,55141.42854
VAL,66,73655,54130.57534,26039.02273,9774.07921
TRP,156,72223,33836.93032,25903.39869,25265.45427
TYR,143,58280,41684.462,35813.47116,21154.97101
TYR,39,73589,50393.58559,35044.93492,25115.51299